{
   "action_manifest_version" : 0,
   "alias_info" : {},
   "app_key" : "system.generated.ffxiv_dx11.exe",
   "bindings" : {
      "/actions/game" : {
         "chords" : [],
         "haptics" : [
            {
               "output" : "/actions/game/out/haptic_left",
               "path" : "/user/hand/left/output/haptic"
            },
            {
               "output" : "/actions/game/out/haptic_right",
               "path" : "/user/hand/right/output/haptic"
            }
         ],
         "poses" : [
            {
               "output" : "none",
               "path" : "/user/hand/right/pose/base"
            },
            {
               "output" : "none",
               "path" : "/user/hand/left/pose/base"
            },
            {
               "output" : "none",
               "path" : "/user/hand/left/pose/openxr_aim"
            },
            {
               "output" : "none",
               "path" : "/user/hand/right/pose/openxr_aim"
            },
            {
               "output" : "/actions/game/in/lefthand",
               "path" : "/user/hand/left/pose/tip"
            },
            {
               "output" : "/actions/game/in/righthand",
               "path" : "/user/hand/right/pose/tip"
            }
         ],
         "skeleton" : [
            {
               "output" : "/actions/game/in/lefthand_anim",
               "path" : "/user/hand/left/input/skeleton/left"
            },
            {
               "output" : "/actions/game/in/righthand_anim",
               "path" : "/user/hand/right/input/skeleton/right"
            }
         ],
         "sources" : [
            {
               "inputs" : {
                  "pull" : {
                     "output" : "/actions/game/in/xbox_left_trigger"
                  }
               },
               "mode" : "trigger",
               "path" : "/user/hand/left/input/trigger"
            },
            {
               "inputs" : {
                  "pull" : {
                     "output" : "/actions/game/in/xbox_right_trigger"
                  }
               },
               "mode" : "trigger",
               "path" : "/user/hand/right/input/trigger"
            },
            {
               "inputs" : {
                  "click" : {
                     "output" : "/actions/game/in/xbox_button_b"
                  }
               },
               "mode" : "button",
               "path" : "/user/hand/right/input/a"
            },
            {
               "inputs" : {
                  "click" : {
                     "output" : "/actions/game/in/xbox_button_y"
                  }
               },
               "mode" : "button",
               "path" : "/user/hand/right/input/b"
            },
            {
               "inputs" : {
                  "click" : {
                     "output" : "/actions/game/in/xbox_button_x"
                  }
               },
               "mode" : "button",
               "path" : "/user/hand/left/input/y"
            },
            {
               "inputs" : {
                  "click" : {
                     "output" : "/actions/game/in/xbox_button_a"
                  }
               },
               "mode" : "button",
               "path" : "/user/hand/left/input/x"
            },
            {
               "inputs" : {
                  "click" : {
                     "output" : "/actions/game/in/xbox_left_stick_click"
                  },
                  "position" : {
                     "output" : "/actions/game/in/movement"
                  }
               },
               "mode" : "joystick",
               "path" : "/user/hand/left/input/joystick"
            },
            {
               "inputs" : {
                  "click" : {
                     "output" : "/actions/game/in/xbox_right_stick_click"
                  },
                  "position" : {
                     "output" : "/actions/game/in/rotation"
                  }
               },
               "mode" : "joystick",
               "path" : "/user/hand/right/input/joystick"
            },
            {
               "inputs" : {
                  "click" : {
                     "output" : "/actions/game/in/xbox_pad_select"
                  }
               },
               "mode" : "button",
               "path" : "/user/hand/left/input/system"
            },
            {
               "inputs" : {
                  "pull" : {
                     "output" : "/actions/game/in/xbox_right_bumper"
                  }
               },
               "mode" : "trigger",
               "path" : "/user/hand/right/input/grip"
            },
            {
               "inputs" : {
                  "pull" : {
                     "output" : "/actions/game/in/xbox_left_bumper"
                  }
               },
               "mode" : "trigger",
               "path" : "/user/hand/left/input/grip"
            }
         ]
      },
      "/actions/main" : {
         "chords" : [ {} ],
         "poses" : [
            {
               "output" : "none",
               "path" : "/user/hand/left/pose/base"
            },
            {
               "output" : "/actions/main/in/controllerleft",
               "path" : "/user/hand/left/pose/raw"
            },
            {
               "output" : "/actions/main/in/controllerright",
               "path" : "/user/hand/right/pose/raw"
            },
            {
               "output" : "none",
               "path" : "/user/hand/right/pose/base"
            },
            {
               "output" : "none",
               "path" : "/user/hand/left/pose/handgrip"
            },
            {
               "output" : "none",
               "path" : "/user/hand/right/pose/handgrip"
            }
         ],
         "skeleton" : [
            {
               "output" : "/actions/main/in/skeletonleft",
               "path" : "/user/hand/left/input/skeleton/left"
            },
            {
               "output" : "/actions/main/in/skeletonright",
               "path" : "/user/hand/right/input/skeleton/right"
            }
         ],
         "sources" : [
            {
               "inputs" : {
                  "click" : {
                     "output" : "/actions/main/in/rightinteract axis"
                  }
               },
               "mode" : "button",
               "path" : "/user/hand/right/input/trigger"
            },
            {
               "inputs" : {
                  "click" : {
                     "output" : "/actions/main/in/resethmd"
                  },
                  "position" : {
                     "output" : "/actions/main/in/configurableturnaxis_x,configurableturnaxis_y x y_axis2d"
                  }
               },
               "mode" : "joystick",
               "path" : "/user/hand/right/input/joystick"
            },
            {
               "inputs" : {
                  "click" : {
                     "output" : "/actions/main/in/rightinteractsecondary axis"
                  }
               },
               "mode" : "button",
               "path" : "/user/hand/right/input/a"
            },
            {
               "inputs" : {
                  "click" : {
                     "output" : "/actions/main/in/crouchtoggle"
                  }
               },
               "mode" : "button",
               "path" : "/user/hand/right/input/b"
            },
            {
               "inputs" : {
                  "click" : {
                     "output" : "/actions/main/in/knucklesrightgrip axis"
                  }
               },
               "mode" : "button",
               "path" : "/user/hand/right/input/grip"
            },
            {
               "inputs" : {
                  "touch" : {
                     "output" : "/actions/main/in/pause"
                  }
               },
               "mode" : "button",
               "path" : "/user/hand/left/input/system"
            },
            {
               "inputs" : {
                  "click" : {
                     "output" : "/actions/main/in/sprinttoggle"
                  },
                  "position" : {
                     "output" : "/actions/main/in/moveforward_x,moveforward_y x y_axis2d"
                  }
               },
               "mode" : "joystick",
               "parameters" : {
                  "invert" : ""
               },
               "path" : "/user/hand/left/input/joystick"
            },
            {
               "inputs" : {
                  "click" : {
                     "output" : "/actions/main/in/sprinttoggle"
                  }
               },
               "mode" : "button",
               "path" : "/user/hand/left/input/joystick"
            },
            {
               "inputs" : {
                  "click" : {
                     "output" : "/actions/main/in/knucklesleftgrip axis"
                  }
               },
               "mode" : "button",
               "path" : "/user/hand/left/input/grip"
            },
            {
               "inputs" : {
                  "click" : {
                     "output" : "/actions/main/in/selectdialogue"
                  }
               },
               "mode" : "button",
               "path" : "/user/hand/left/input/y"
            },
            {
               "inputs" : {
                  "click" : {
                     "output" : "/actions/main/in/leftinteract axis"
                  }
               },
               "mode" : "trigger",
               "path" : "/user/hand/left/input/trigger"
            },
            {
               "inputs" : {
                  "click" : {
                     "output" : "/actions/main/in/resethmd"
                  }
               },
               "mode" : "button",
               "path" : "/user/hand/right/input/joystick"
            },
            {
               "inputs" : {
                  "click" : {
                     "output" : "/actions/main/in/leftinteractsecondary axis"
                  }
               },
               "mode" : "button",
               "path" : "/user/hand/left/input/x"
            },
            {
               "inputs" : {
                  "click" : {
                     "output" : "/actions/main/in/rightinteract axis"
                  }
               },
               "mode" : "trigger",
               "path" : "/user/hand/right/input/trigger"
            },
            {
               "inputs" : {
                  "click" : {
                     "output" : "/actions/main/in/leftinteract axis"
                  }
               },
               "mode" : "button",
               "path" : "/user/hand/left/input/trigger"
            }
         ]
      }
   },
   "category" : "steamvr_input",
   "controller_type" : "oculus_touch",
   "description" : "\n\n",
   "interaction_profile" : "",
   "name" : "Oculus Touchコントローラー用に保存されたffxiv_dx11設定",
   "options" : {},
   "simulated_actions" : []
}
