{
  "Author": "Marulu, StreetRat",
  "Name": "XIVR Preload - VR Mod",
  "InternalName": "xivr_preload",
  "AssemblyVersion": "0.0.4.0",
  "Description": "Required to load some settings before XIVR loads.\n XIVLauncher needs to start Dalamud using the 'New' injection mode and in the Dalamud settings in the general tab 'wait for plugins before game loads' needs to be enabled.",
  "ApplicableVersion": "any",
  "RepoUrl": "https://github.com/ProjectMimer/xivr",
  "Tags": [
    "utility"
  ],
  "DalamudApiLevel": 8,
  "LoadRequiredState": 2,
  "LoadSync": true,
  "LoadPriority": 0,
  "Punchline": "Mod to allow VR",
  "AcceptsFeedback": true
}