{
   "action_manifest_version" : 0,
   "alias_info" : {
      "/actions/legacy/in/head_proximity" : {
         "alias_name" : "",
         "hidden" : true
      },
      "/actions/legacy/in/left_axis2_press" : {
         "alias_name" : "",
         "hidden" : true
      },
      "/actions/legacy/in/left_axis2_touch" : {
         "alias_name" : "",
         "hidden" : true
      },
      "/actions/legacy/in/left_axis3_press" : {
         "alias_name" : "",
         "hidden" : true
      },
      "/actions/legacy/in/left_axis3_touch" : {
         "alias_name" : "",
         "hidden" : true
      },
      "/actions/legacy/in/left_axis3_value_e0" : {
         "alias_name" : "",
         "hidden" : true
      },
      "/actions/legacy/in/left_axis3_value_e1" : {
         "alias_name" : "",
         "hidden" : true
      },
      "/actions/legacy/in/left_axis4_press" : {
         "alias_name" : "",
         "hidden" : true
      },
      "/actions/legacy/in/left_axis4_touch" : {
         "alias_name" : "",
         "hidden" : true
      },
      "/actions/legacy/in/left_axis4_value_e0" : {
         "alias_name" : "",
         "hidden" : true
      },
      "/actions/legacy/in/left_axis4_value_e1" : {
         "alias_name" : "",
         "hidden" : true
      },
      "/actions/legacy/in/left_system_press" : {
         "alias_name" : "",
         "hidden" : true
      },
      "/actions/legacy/in/left_system_touch" : {
         "alias_name" : "",
         "hidden" : true
      },
      "/actions/legacy/in/right_axis3_press" : {
         "alias_name" : "",
         "hidden" : true
      },
      "/actions/legacy/in/right_axis3_touch" : {
         "alias_name" : "",
         "hidden" : true
      },
      "/actions/legacy/in/right_axis3_value_e0" : {
         "alias_name" : "",
         "hidden" : true
      },
      "/actions/legacy/in/right_axis3_value_e1" : {
         "alias_name" : "",
         "hidden" : true
      },
      "/actions/legacy/in/right_axis4_press" : {
         "alias_name" : "",
         "hidden" : true
      },
      "/actions/legacy/in/right_axis4_touch" : {
         "alias_name" : "",
         "hidden" : true
      },
      "/actions/legacy/in/right_axis4_value_e0" : {
         "alias_name" : "",
         "hidden" : true
      },
      "/actions/legacy/in/right_axis4_value_e1" : {
         "alias_name" : "",
         "hidden" : true
      },
      "/actions/legacy/in/right_system_press" : {
         "alias_name" : "",
         "hidden" : true
      },
      "/actions/legacy/in/right_system_touch" : {
         "alias_name" : "",
         "hidden" : true
      },
      "/actions/legacy_mirrored/in/axis2_press" : {
         "alias_name" : "",
         "hidden" : true
      },
      "/actions/legacy_mirrored/in/axis2_touch" : {
         "alias_name" : "",
         "hidden" : true
      },
      "/actions/legacy_mirrored/in/axis3_press" : {
         "alias_name" : "",
         "hidden" : true
      },
      "/actions/legacy_mirrored/in/axis3_touch" : {
         "alias_name" : "",
         "hidden" : true
      },
      "/actions/legacy_mirrored/in/axis3_value_e0" : {
         "alias_name" : "",
         "hidden" : true
      },
      "/actions/legacy_mirrored/in/axis3_value_e1" : {
         "alias_name" : "",
         "hidden" : true
      },
      "/actions/legacy_mirrored/in/axis4_press" : {
         "alias_name" : "",
         "hidden" : true
      },
      "/actions/legacy_mirrored/in/axis4_touch" : {
         "alias_name" : "",
         "hidden" : true
      },
      "/actions/legacy_mirrored/in/axis4_value_e0" : {
         "alias_name" : "",
         "hidden" : true
      },
      "/actions/legacy_mirrored/in/axis4_value_e1" : {
         "alias_name" : "",
         "hidden" : true
      },
      "/actions/legacy_mirrored/in/system_press" : {
         "alias_name" : "",
         "hidden" : true
      }
   },
   "app_key" : "system.generated.ffxiv_dx11.exe",
   "bindings" : {
      "/actions/game" : {
         "chords" : [
            {
               "inputs" : [
                  [ "/user/hand/left/input/b", "click" ],
                  [ "/user/hand/right/input/b", "click" ]
               ],
               "output" : "/actions/game/in/recenter"
            }
         ],
         "haptics" : [
            {
               "output" : "/actions/game/out/haptic_left",
               "path" : "/user/hand/left/output/haptic"
            },
            {
               "output" : "/actions/game/out/haptic_right",
               "path" : "/user/hand/right/output/haptic"
            }
         ],
         "poses" : [
            {
               "output" : "none",
               "path" : "/user/hand/left/pose/base"
            },
            {
               "output" : "none",
               "path" : "/user/hand/right/pose/base"
            },
            {
               "output" : "/actions/game/in/lefthand",
               "path" : "/user/hand/left/pose/tip"
            },
            {
               "output" : "/actions/game/in/righthand",
               "path" : "/user/hand/right/pose/tip"
            }
         ],
         "sources" : [
            {
               "inputs" : {
                  "click" : {
                     "output" : "/actions/game/in/xbox_left_stick_click"
                  },
                  "position" : {
                     "output" : "/actions/game/in/movement"
                  }
               },
               "mode" : "joystick",
               "path" : "/user/hand/left/input/thumbstick"
            },
            {
               "inputs" : {
                  "click" : {
                     "output" : "/actions/game/in/xbox_start"
                  }
               },
               "mode" : "button",
               "path" : "/user/hand/left/input/b"
            },
            {
               "inputs" : {
                  "click" : {
                     "output" : "/actions/game/in/escape"
                  }
               },
               "mode" : "button",
               "path" : "/user/hand/left/input/a"
            },
            {
               "inputs" : {
                  "click" : {
                     "output" : "/actions/game/in/xbox_right_stick_click"
                  },
                  "position" : {
                     "output" : "/actions/game/in/rotation"
                  }
               },
               "mode" : "joystick",
               "path" : "/user/hand/right/input/thumbstick"
            },
            {
               "inputs" : {
                  "east" : {
                     "output" : "/actions/game/in/xbox_pad_right"
                  },
                  "north" : {
                     "output" : "/actions/game/in/xbox_pad_up"
                  },
                  "south" : {
                     "output" : "/actions/game/in/xbox_pad_down"
                  },
                  "west" : {
                     "output" : "/actions/game/in/xbox_pad_left"
                  }
               },
               "mode" : "dpad",
               "parameters" : {
                  "sub_mode" : "click"
               },
               "path" : "/user/hand/left/input/trackpad"
            },
            {
               "inputs" : {
                  "north" : {
                     "output" : "/actions/game/in/xbox_button_b"
                  },
                  "south" : {
                     "output" : "/actions/game/in/xbox_button_a"
                  }
               },
               "mode" : "dpad",
               "parameters" : {
                  "sub_mode" : "click"
               },
               "path" : "/user/hand/right/input/trackpad"
            },
            {
               "inputs" : {
                  "click" : {
                     "output" : "/actions/game/in/xbox_button_y"
                  }
               },
               "mode" : "button",
               "path" : "/user/hand/right/input/b"
            },
            {
               "inputs" : {
                  "click" : {
                     "output" : "/actions/game/in/xbox_button_x"
                  }
               },
               "mode" : "button",
               "path" : "/user/hand/right/input/a"
            },
            {
               "inputs" : {
                  "pull" : {
                     "output" : "/actions/game/in/xbox_left_trigger"
                  }
               },
               "mode" : "trigger",
               "path" : "/user/hand/left/input/trigger"
            },
            {
               "inputs" : {
                  "pull" : {
                     "output" : "/actions/game/in/xbox_right_trigger"
                  }
               },
               "mode" : "trigger",
               "path" : "/user/hand/right/input/trigger"
            },
            {
               "inputs" : {
                  "force" : {
                     "output" : "/actions/game/in/xbox_left_bumper"
                  }
               },
               "mode" : "force_sensor",
               "path" : "/user/hand/left/input/grip"
            },
            {
               "inputs" : {
                  "force" : {
                     "output" : "/actions/game/in/xbox_right_bumper"
                  }
               },
               "mode" : "force_sensor",
               "path" : "/user/hand/right/input/grip"
            }
         ]
      },
      "/actions/legacy" : {
         "haptics" : [
            {
               "output" : "/actions/legacy/out/left_haptic",
               "path" : "/user/hand/left/output/haptic"
            },
            {
               "output" : "/actions/legacy/out/right_haptic",
               "path" : "/user/hand/right/output/haptic"
            }
         ],
         "poses" : [
            {
               "output" : "/actions/legacy/in/Left_Pose",
               "path" : "/user/hand/left/pose/raw"
            },
            {
               "output" : "/actions/legacy/in/Right_Pose",
               "path" : "/user/hand/right/pose/raw"
            }
         ],
         "sources" : [
            {
               "inputs" : {
                  "click" : {
                     "output" : "/actions/legacy/in/left_system_press"
                  }
               },
               "mode" : "button",
               "path" : "/user/hand/left/input/system"
            },
            {
               "inputs" : {
                  "pull" : {
                     "output" : "/actions/legacy/in/left_axis1_value"
                  },
                  "touch" : {
                     "output" : "/actions/legacy/in/left_axis1_touch"
                  }
               },
               "mode" : "trigger",
               "path" : "/user/hand/left/input/trigger"
            },
            {
               "inputs" : {
                  "click" : {
                     "output" : "/actions/legacy/in/right_system_press"
                  }
               },
               "mode" : "button",
               "path" : "/user/hand/right/input/system"
            },
            {
               "inputs" : {
                  "click" : {
                     "output" : "/actions/legacy/in/right_grip_press"
                  },
                  "touch" : {
                     "output" : "/actions/legacy/in/right_grip_touch"
                  }
               },
               "mode" : "button",
               "path" : "/user/hand/right/input/a"
            },
            {
               "inputs" : {
                  "click" : {
                     "output" : "/actions/legacy/in/left_grip_press"
                  },
                  "touch" : {
                     "output" : "/actions/legacy/in/left_grip_touch"
                  }
               },
               "mode" : "button",
               "path" : "/user/hand/left/input/a"
            },
            {
               "inputs" : {
                  "click" : {
                     "output" : "/actions/legacy/in/left_applicationmenu_press"
                  },
                  "touch" : {
                     "output" : "/actions/legacy/in/left_applicationmenu_touch"
                  }
               },
               "mode" : "button",
               "path" : "/user/hand/left/input/b"
            },
            {
               "inputs" : {
                  "click" : {
                     "output" : "/actions/legacy/in/right_applicationmenu_press"
                  },
                  "touch" : {
                     "output" : "/actions/legacy/in/right_applicationmenu_touch"
                  }
               },
               "mode" : "button",
               "path" : "/user/hand/right/input/b"
            },
            {
               "inputs" : {
                  "click" : {
                     "output" : "/actions/legacy/in/left_axis0_press"
                  },
                  "position" : {
                     "output" : "/actions/legacy/in/left_axis0_value"
                  },
                  "touch" : {
                     "output" : "/actions/legacy/in/left_axis0_touch"
                  }
               },
               "mode" : "trackpad",
               "path" : "/user/hand/left/input/trackpad"
            },
            {
               "inputs" : {
                  "click" : {
                     "output" : "/actions/legacy/in/right_axis0_press"
                  },
                  "position" : {
                     "output" : "/actions/legacy/in/right_axis0_value"
                  },
                  "touch" : {
                     "output" : "/actions/legacy/in/right_axis0_touch"
                  }
               },
               "mode" : "trackpad",
               "path" : "/user/hand/right/input/trackpad"
            },
            {
               "inputs" : {
                  "pull" : {
                     "output" : "/actions/legacy/in/right_axis1_value"
                  },
                  "touch" : {
                     "output" : "/actions/legacy/in/right_axis1_touch"
                  }
               },
               "mode" : "trigger",
               "path" : "/user/hand/right/input/trigger"
            },
            {
               "inputs" : {
                  "click" : {
                     "output" : "/actions/legacy/in/left_axis1_press"
                  },
                  "touch" : {
                     "output" : "/actions/legacy/in/left_axis1_touch"
                  }
               },
               "mode" : "button",
               "parameters" : {
                  "click_activate_threshold" : "0.55",
                  "click_deactivate_threshold" : "0.5",
                  "haptic_amplitude" : "0",
                  "touch_activate_threshold" : "0.1",
                  "touch_deactivate_threshold" : "0.05"
               },
               "path" : "/user/hand/left/input/trigger"
            },
            {
               "inputs" : {
                  "click" : {
                     "output" : "/actions/legacy/in/right_axis1_press"
                  },
                  "touch" : {
                     "output" : "/actions/legacy/in/right_axis1_touch"
                  }
               },
               "mode" : "button",
               "parameters" : {
                  "click_activate_threshold" : "0.55",
                  "click_deactivate_threshold" : "0.5",
                  "haptic_amplitude" : "0",
                  "touch_activate_threshold" : "0.1",
                  "touch_deactivate_threshold" : "0.05"
               },
               "path" : "/user/hand/right/input/trigger"
            },
            {
               "inputs" : {
                  "click" : {
                     "output" : "/actions/legacy/in/left_axis0_press"
                  }
               },
               "mode" : "button",
               "path" : "/user/hand/left/input/trackpad"
            },
            {
               "inputs" : {
                  "click" : {
                     "output" : "/actions/legacy/in/right_axis0_press"
                  }
               },
               "mode" : "button",
               "path" : "/user/hand/right/input/trackpad"
            },
            {
               "inputs" : {
                  "click" : {
                     "output" : "/actions/legacy/in/left_axis0_press"
                  },
                  "position" : {
                     "output" : "/actions/legacy/in/left_axis0_value"
                  },
                  "touch" : {
                     "output" : "/actions/legacy/in/left_axis0_touch"
                  }
               },
               "mode" : "joystick",
               "path" : "/user/hand/left/input/thumbstick"
            },
            {
               "inputs" : {
                  "click" : {
                     "output" : "/actions/legacy/in/right_axis0_press"
                  },
                  "position" : {
                     "output" : "/actions/legacy/in/right_axis0_value"
                  },
                  "touch" : {
                     "output" : "/actions/legacy/in/right_axis0_touch"
                  }
               },
               "mode" : "joystick",
               "path" : "/user/hand/right/input/thumbstick"
            },
            {
               "inputs" : {
                  "click" : {
                     "output" : "/actions/legacy/in/left_axis0_press"
                  }
               },
               "mode" : "button",
               "parameters" : {
                  "click_activate_threshold" : 0.80000000000000004,
                  "click_deactivate_threshold" : 0.69999999999999996,
                  "force_input" : "position",
                  "haptic_amplitude" : 0
               },
               "path" : "/user/hand/left/input/thumbstick"
            },
            {
               "inputs" : {
                  "click" : {
                     "output" : "/actions/legacy/in/right_axis0_press"
                  }
               },
               "mode" : "button",
               "parameters" : {
                  "click_activate_threshold" : 0.80000000000000004,
                  "click_deactivate_threshold" : 0.69999999999999996,
                  "force_input" : "position",
                  "haptic_amplitude" : 0
               },
               "path" : "/user/hand/right/input/thumbstick"
            },
            {
               "inputs" : {
                  "click" : {
                     "output" : "/actions/legacy/in/left_grip_press"
                  },
                  "touch" : {
                     "output" : "/actions/legacy/in/left_grip_touch"
                  }
               },
               "mode" : "button",
               "parameters" : {
                  "click_activate_threshold" : "0.8",
                  "force_input" : "force"
               },
               "path" : "/user/hand/left/input/grip"
            },
            {
               "inputs" : {
                  "click" : {
                     "output" : "/actions/legacy/in/right_grip_press"
                  },
                  "touch" : {
                     "output" : "/actions/legacy/in/right_grip_touch"
                  }
               },
               "mode" : "button",
               "parameters" : {
                  "click_activate_threshold" : "0.8",
                  "force_input" : "force"
               },
               "path" : "/user/hand/right/input/grip"
            }
         ]
      },
      "/actions/legacy_mirrored" : {
         "haptics" : [
            {
               "output" : "/actions/legacy_mirrored/out/haptic",
               "path" : "/user/hand/left/output/haptic"
            },
            {
               "output" : "/actions/legacy_mirrored/out/haptic",
               "path" : "/user/hand/right/output/haptic"
            }
         ],
         "poses" : [
            {
               "output" : "/actions/legacy_mirrored/in/pose",
               "path" : "/user/hand/left/pose/raw"
            },
            {
               "output" : "/actions/legacy_mirrored/in/pose",
               "path" : "/user/hand/right/pose/raw"
            }
         ],
         "sources" : [
            {
               "inputs" : {
                  "click" : {
                     "output" : "/actions/legacy_mirrored/in/axis1_press"
                  },
                  "pull" : {
                     "output" : "/actions/legacy_mirrored/in/axis1_value"
                  },
                  "touch" : {
                     "output" : "/actions/legacy_mirrored/in/axis1_touch"
                  }
               },
               "mode" : "trigger",
               "path" : "/user/hand/left/input/trigger"
            },
            {
               "inputs" : {
                  "click" : {
                     "output" : "/actions/legacy_mirrored/in/axis1_press"
                  },
                  "pull" : {
                     "output" : "/actions/legacy_mirrored/in/axis1_value"
                  },
                  "touch" : {
                     "output" : "/actions/legacy_mirrored/in/axis1_touch"
                  }
               },
               "mode" : "trigger",
               "path" : "/user/hand/right/input/trigger"
            },
            {
               "inputs" : {
                  "position" : {
                     "output" : "/actions/legacy_mirrored/in/axis0_value"
                  },
                  "touch" : {
                     "output" : "/actions/legacy_mirrored/in/axis0_touch"
                  }
               },
               "mode" : "trackpad",
               "path" : "/user/hand/left/input/trackpad"
            },
            {
               "inputs" : {
                  "position" : {
                     "output" : "/actions/legacy_mirrored/in/axis0_value"
                  },
                  "touch" : {
                     "output" : "/actions/legacy_mirrored/in/axis0_touch"
                  }
               },
               "mode" : "trackpad",
               "path" : "/user/hand/right/input/trackpad"
            },
            {
               "inputs" : {},
               "mode" : "joystick",
               "path" : "/user/hand/left/input/thumbstick"
            },
            {
               "inputs" : {},
               "mode" : "joystick",
               "path" : "/user/hand/right/input/thumbstick"
            },
            {
               "inputs" : {
                  "click" : {
                     "output" : "/actions/legacy_mirrored/in/grip_press"
                  },
                  "touch" : {
                     "output" : "/actions/legacy_mirrored/in/grip_touch"
                  }
               },
               "mode" : "button",
               "path" : "/user/hand/left/input/a"
            },
            {
               "inputs" : {
                  "click" : {
                     "output" : "/actions/legacy_mirrored/in/grip_press"
                  },
                  "touch" : {
                     "output" : "/actions/legacy_mirrored/in/grip_touch"
                  }
               },
               "mode" : "button",
               "path" : "/user/hand/right/input/a"
            },
            {
               "inputs" : {
                  "click" : {
                     "output" : "/actions/legacy_mirrored/in/applicationmenu_press"
                  },
                  "touch" : {
                     "output" : "/actions/legacy_mirrored/in/applicationmenu_touch"
                  }
               },
               "mode" : "button",
               "path" : "/user/hand/left/input/b"
            },
            {
               "inputs" : {
                  "click" : {
                     "output" : "/actions/legacy_mirrored/in/applicationmenu_press"
                  },
                  "touch" : {
                     "output" : "/actions/legacy_mirrored/in/applicationmenu_touch"
                  }
               },
               "mode" : "button",
               "path" : "/user/hand/right/input/b"
            },
            {
               "inputs" : {
                  "click" : {
                     "output" : "/actions/legacy_mirrored/in/axis0_press"
                  }
               },
               "mode" : "button",
               "path" : "/user/hand/left/input/trackpad"
            },
            {
               "inputs" : {
                  "click" : {
                     "output" : "/actions/legacy_mirrored/in/axis0_press"
                  }
               },
               "mode" : "button",
               "path" : "/user/hand/right/input/trackpad"
            }
         ]
      }
   },
   "category" : "steamvr_input",
   "controller_type" : "knuckles",
   "description" : "",
   "interaction_profile" : "",
   "name" : "XIVR Default Index Bindings",
   "options" : {
      "mirror_actions" : false,
      "simulated_controller_type" : "none"
   },
   "simulated_actions" : []
}
